Braquage,Les Enfants de Pandore,"Un groupe d'ami.e.s, ce qui les rassemble, ce qui les écarte, leurs chemins de vie",https://www.facebook.com/events/1829733197096694/,6€,x,mar. 1 mai 2018,Quelques heures,59,,"87 bis Rue Saint-André, 59800 Lille, France"
Braquage,Les Enfants de Pandore,"Un groupe d'ami.e.s, ce qui les rassemble, ce qui les écarte, leurs chemins de vie",https://www.facebook.com/events/1829733197096694/,6€,x,mer. 9 mai 2018,Quelques heures,59,,"87 bis Rue Saint-André, 59800 Lille, France"
Dreyfus - L'Odieuse Vérité,Les Ecuries d'Augias,Procès d'Emile Zola dans l'Affaire Dreyfus en 1898 - contexte historique antisémite,https://www.facebook.com/events/107531520114820,10€,x,sam. 12 mai 2018,Quelques heures,25,,"96 Grande Rue, 25000 Besançon, France"
Braquage,Les Enfants de Pandore,"Un groupe d'ami.e.s, ce qui les rassemble, ce qui les écarte, leurs chemins de vie",https://www.facebook.com/events/1829733197096694/,6€,x,dim. 13 mai 2018,Quelques heures,59,,"87 bis Rue Saint-André, 59800 Lille, France"
L'Algue Verte,Les Enfants de Pandore,Murder Party,https://www.facebook.com/events/1597750900323901/permalink/1611347975630860/,11€,1€,sam. 26 mai 2018,Quelques heures,59,,"87 bis Rue Saint-André, 59800 Lille, France"
Hydre Omel - Vautours,Hydre Omel,"Univers des Terres Levantines, inspiré par de nombreuses BD (https://www.hydre-omel.com/inspirations)",https://www.hydre-omel.com/,125€,35€,ven. 1 juin 2018,2 ou 3 jours,?,,200km au nord de Paris
"Thédas, le dernier Bastion",Les ForgeMondes,Grandeur Nature médiéval-fantastique en Alsace sur le théme de Dragon Age.,http://gn-thedas.fr,50€,25€,ven. 1 juin 2018,2 ou 3 jours,67,,"Fort Rapp, Rue du Fort, 67116 Reichstett, France"
La pension Saint Sauveur,De Profundis GN,"La vie est calme à la pension Saint Sauveur, petite pension de famille située à proximité des falaises d'Etretat, jusqu'à cette soirée du 7 avril 1933",https://www.facebook.com/groups/154116611402147/permalink/955485921265208/,25€,x,sam. 2 juin 2018,1 journée,62,,"14 rue Pablo Néruda, 62143 Angres, France"
La pension Saint Sauveur,De Profundis GN,"La vie est calme à la pension Saint Sauveur, petite pension de famille située à proximité des falaises d'Etretat, jusqu'à cette soirée du 7 avril 1933",https://www.facebook.com/groups/154116611402147/permalink/955485921265208/,25€,x,sam. 2 juin 2018,1 journée,62,,"7 rue de Guémappe, 62156 Boiry Notre Dame, France"
Just a Little Lovin' Finland,Pohjoismaisen roolipelaamisen seura ry,International Larp (in English),http://www.jall.fi/,?,x,mar. 5 juin 2018,Plus de 3 jours,Finland,,"Länsi-suomen Opistoyhdistys Ry, Aino Voipion tie 30, 32700 Huittinen, Finland"
L'Heure du GN,L'Heure du GN,Rendez-vous amical GNiste à Rennes,https://www.facebook.com/events/1617153478342369/,x,x,jeu. 7 juin 2018,Quelques heures,35,,"L'Heure du Jeu, 11 Boulevard Magenta, 35000 Rennes, France"
Vampire Beyond Heresy & Law Opus 3,Bounty Hunters Legion,3e Opus de la campagne Vampire,https://www.facebook.com/vampirebhl/,70€,x,ven. 8 juin 2018,2 ou 3 jours,89,,"Cafe De La Poèterie, 4 Route des Janets, 89520 Saint-Sauveur-en-Puisaye, France"
FIGHT LIKE A GIRL,Independant,"Fight Like A Girl is about identity, group dynamics and relationships, about difficult situations and impossible decisions. These elements tell people’s history of all times, here in a setting of war against oppression.",https://flaglarp.wordpress.com,82€,x,ven. 8 juin 2018,2 ou 3 jours,Sweden,,"Norberg, Sweden"
Murder Cabale - Acte I,Forges de Krom,"Murder Cabale des Forges de Krom, 1er Acte d'une série de 4 Murder dans un univers contemporain bien mystérieux. ",https://www.facebook.com/events/434059070369615/,?,?,sam. 9 juin 2018,Quelques heures,81,,"Lieu-dit En Pamios, 81470 Mouzens, France"
Windrose: School of the Secret Arts,Aspamia,International Larp (in English): Your chance to be a wizard or a witch in a magical college,https://www.facebook.com/AspamiaLarp/videos/884305888399438/,?,?,jeu. 14 juin 2018,Plus de 3 jours,Israel,,?
Doléances 1789 session 5,A3DL,"Doléances (du latin dolere) : Souffrir. 
1789 : un peuple au bord d'une révolution",https://www.facebook.com/doleances1789/posts/671997206307405,86€,x,ven. 15 juin 2018,2 ou 3 jours,85,,"Gîte L'Ancienne Ferme, 85450 Chaillé les Marais, France"
Cabaret Cajun,Rôle,"Dans la moiteur du vieux sud, alors que le dix-neuvième siècle touche à sa fin. [...] Relents de bayou, effluves vaudou, fragrances épicées et parfums étranges...",https://grou1.typeform.com/to/x3n2Rz,?,?,ven. 15 juin 2018,2 ou 3 jours,78,,78720 Dampierre-en-Yvelines
"GN ""Un autre monde""",La Compagnie du Yucca,Le GN où vous interprèterez des joueurs de JDR qui vont faire le tout premier GN de France... en 1981 !,https://www.facebook.com/events/194490371107783/,?,?,ven. 15 juin 2018,2 ou 3 jours,33,,33210 Langon
Les Forges du Destin,Club Grabuge de la Maison des Jeunes et de la Culture de Carcassonne ,GN médiéval fantastique,https://www.facebook.com/notes/passion-gn-mjccarcassonne-club-grabuge/jeu-de-rôle-grandeur-nature-les-forges-du-destin/1929159700728455/,75€,15€,ven. 15 juin 2018,2 ou 3 jours,11,,"Domaine Le Picou, 11310 Saissac, France"
Dead Island 2 : Naufrage,Les Crocs de la Tanière,"L’endroit semblait pourtant désert… mais en attendant les secours, les survivants devront lutter contre un ennemi inattendu.",https://www.facebook.com/events/1735361980105090/,31€,15€,sam. 16 juin 2018,2 ou 3 jours,51,,"Fort de Montbré, 51500 Taissy, France"
Barnum à Liberia (Opus 2),Les Traverses ASBL,La petite île de Libéria se prépare doucement au moment le plus important de l’année : l’élection de son nouveau Gouverneur.,https://www.facebook.com/events/145738649567347/,50€,x,sam. 16 juin 2018,1 journée,Belgium,,"Albinusstrasse, B-4784 St Vith"
Salem 1906,Les Enfants de Pandore,"Les procès de sorcières ont eu lieu à Salem, dans le Massachussetts à la fin du XVIIème siècle. ",https://www.facebook.com/events/318062695389314/,15€,x,sam. 16 juin 2018,1 journée,Belgium,,"Meiskensbeekstraat 96, 1851 Grimbergen, Belgium"
Et pour quelques cristaux de plus,L'arpp de Pibrac,Un nouveau gisement de cristaux a été trouvé ! Voilà qui attire l'attention de la plèbe comme des citée-États. Alors que les hommes en quête de gloire et de richesses se précipitent pour revendiquer... ,https://www.facebook.com/events/866203353550572/,18€,0€,sam. 16 juin 2018,1 journée,81,,"Lieu-dit Les Marteilles, 81630 Montdurausse, France"
Ars Magna 19,Independant,,https://docs.google.com/forms/d/e/1FAIpQLSfaHxpgL6wmjgUKWSEAeyksH43tQN_M0jLE6paPa6B22Z_YTg/viewform,50€,35€,sam. 16 juin 2018,2 ou 3 jours,Belgium,,"Marmite, Vieux Chemin de Willems 2, 7501 Tournai, Belgium"
Obscurus Cult,Obscurus NL,"International Larp (in English): Love, Worship, Obey. This is your chance! Experience brainwashing! By a cult! ",https://obscuruscult.wordpress.com,280€,x,mar. 19 juin 2018,Plus de 3 jours,Netherlands,,"V.O.F. De Lindenhorst, Schiphorsterweg 15, 7966 AB De Schiphorst, Netherlands"
New World Magischola,LearnLarp,International Larp (in English): 4-day wizard school larp set in the Magimundi of North America. NWM is a progressive wizard school with less-traditional policies.,www.magischola.com,509€,0€,jeu. 21 juin 2018,Plus de 3 jours,United States,,"Mt. Holyoke College; 50 College St, South Hadley, MA 01075"
human experience,human experience,"International Larp (in English): “Human Experience” is a physical, immersive larp about the sensations we get from movements, touch and senses.",https://www.humanexperience.events,28€,28€,jeu. 21 juin 2018,Quelques heures,United Kingdom,,London
Cabaret Cajun,Rôle,"Dans la moiteur du vieux sud, alors que le dix-neuvième siècle touche à sa fin. [...] Relents de bayou, effluves vaudou, fragrances épicées et parfums étranges...",https://grou1.typeform.com/to/x3n2Rz,?,?,ven. 22 juin 2018,2 ou 3 jours,78,,78720 Dampierre-en-Yvelines
Chilipocras et d'autres machins,Alliance-prod,Rendez-vous amical GNiste près de Belfort,https://www.facebook.com/permalink.php?story_fbid=1975069185855259&id=147817381913791,x,x,sam. 23 juin 2018,2 ou 3 jours,90,,"Fort de Vézelois, Fort Ordener, Rue de Meroux, 90400 Vézelois, France"
Obscurus Cult,Obscurus NL,"International Larp (in English): Love, Worship, Obey. This is your chance! Experience brainwashing! By a cult! ",https://obscuruscult.wordpress.com,280€,x,mar. 26 juin 2018,Plus de 3 jours,Netherlands,,"V.O.F. De Lindenhorst, Schiphorsterweg 15, 7966 AB De Schiphorst, Netherlands"
Memento Mori Version 2,Memento Mori ASBL,"Mai 1938, la Comtesse Grâce du Val de Beaulieu et son frère le baron Adolphe Desmanet de Biesme ont le plaisir de vous inviter à leur Garden-Party en leur domaine champêtre de Brüly-de-Pesche...",https://www.facebook.com/events/1441902855917871/,?,?,mar. 26 juin 2018,2 ou 3 jours,Belgium,,"Brûly-De-Pesche, Namur, Belgium"
Mahoutokoro - Sakura no yume,RAJR,"GN école de sorcellerie, traditions et croyances magiques japonaises. Rythme lent, non-dits, sous-entendus. Des échanges feutrés plutôt qu’une course à la résolution.",http://www.rajr.fr/mahoutokoro/,85€,x,ven. 29 juin 2018,2 ou 3 jours,69,,"Gîte de Gros-Bois (Gîte d'Ouroux), 69860 Ouroux, France"
Mahoutokoro - Sakura no yume,RAJR,"(GN Harry Potter japonais) Mai 2013 : Stage intensif de préparation aux épreuves optionnelles à l'école Mahoutokoro, ceux qui n'ont pas validé leur diplôme et ceux qui cherchent le classement se réunissent...",http://www.rajr.fr/mahoutokoro/,85€,x,ven. 29 juin 2018,2 ou 3 jours,69,,"Gîte de Gros-Bois (Gîte d'Ouroux), 69860 Ouroux, France"
"Terres Sauvages ""La colère de Yasun""",Terres Sauvages,GN Terres Sauvages mediéval fantastique,https://www.facebook.com/events/2539675319592015/,62€,40€,ven. 29 juin 2018,2 ou 3 jours,59,,"Route du Flaumont, 59440 Avesnelles, France"
Nakzar: Le Fléau du Nord,Les ForgeMondes,Med-Fan,https://sites.google.com/site/nakzargn/,20€,15€,sam. 30 juin 2018,1 journée,57,,"Fort Rapp-Moltke, Rue du Fort, 67116 Reichstett, France"
human experience,human experience,"International Larp (in English): “Human Experience” is a physical, immersive larp about the sensations we get from movements, touch and senses.",https://www.humanexperience.events,40€,40€,sam. 30 juin 2018,Quelques heures,United Kingdom,,London
Nuit du Huis-Clos de Nantes,Independant,"Convention, 3 murders",https://www.facebook.com/NdhcNantes/ ,?,?,sam. 30 juin 2018,Quelques heures,44,,"Maison des Jeux de Nantes, 14 rue Michel Rocher, 44200 Nantes, France"
L'Heure du GN,L'Heure du GN,Rendez-vous amical GNiste à Rennes,https://www.facebook.com/events/1617153478342369/,x,x,jeu. 5 juil. 2018,Quelques heures,35,,"L'Heure du Jeu, 11 Boulevard Magenta, 35000 Rennes, France"
Eclypson | Odyssée,Sculpteurs de Rêves, ,http://sculpteursdereves.org/gn-eclypson-2018/,60€,20€,ven. 6 juil. 2018,2 ou 3 jours,10,,"Gîte de Bois Gérard Bois Gérard, 10130 Chessy-les-Prés, France"
Les oubliés des fjords - Session découverte,Gnome Prod & Camp du Dragon,Jeu viking ouvert aux débutant.e.s,https://www.facebook.com/events/1943544382576464/,65€,25€,sam. 7 juil. 2018,2 ou 3 jours,56,,"Escapegame lizio Bretagne, Lieu-dit Le Val Jouin, 56460 Lizio, France"
Camp Aventures,A-Venture,"Camp de vacances comportant 3 GNs, pour débutant ou habitués. ",https://www.facebook.com/aventure.evenements,393€,x,lun. 9 juil. 2018,Plus de 3 jours,Switzerland,,"Ferme de Combe Tabeillon, 2855 Glovelier, Switzerland"
Sunfall 2018,Sunfall,International Larp (in English) : Apocalyptic,https://www.facebook.com/events/1864318543886183/,70€,x,mar. 10 juil. 2018,Plus de 3 jours,Denmark,,"Boesdalsvej 14, 4673 Rødvig Stevns, Denmark"
Kandorya 2018,GN Aventure,Mass Larp médiéval fantastique,https://www.weezevent.com/kandorya-2018,59€,15€,mer. 11 juil. 2018,Plus de 3 jours,49,,"Château de Serrant, 49170 Saint-Georges-sur-Loire, France"
Club Oasis,Independant,International Larp (in English): a blade runner Larp following Where Androids Dream,https://docs.google.com/forms/d/e/1FAIpQLSfzxED4y1pErRwNowSLeKVTEcOQHZynnO8aOsjPYZp68gVOjQ/viewform?edit_requested=true,20€,x,mer. 11 juil. 2018,Quelques heures,Sweden,,Club Oasis
Where Androids Die,Independant,"International Larp (in English): a futuristic dystopian Larp about humanity, its creation and the consequences they have to face (inspiration: blade runner)",http://whereandroidsdie.net,163€,x,ven. 13 juil. 2018,2 ou 3 jours,Sweden,,"3:e Våningen, Sockerbruket 9, 414 51 Göteborg, Sweden"
VFC ARTEMIS Session 1,eXpérience,thriller psychologique battlestar galactica nordique,https://experiencegn.jimdo.com/nos-créations/artemis/,100€,x,sam. 14 juil. 2018,2 ou 3 jours,95,,"95572 Saint-Ouen l'Aumône, France"
Club Oasis,Independant,International Larp (in English): a blade runner Larp following Where Androids Dream,https://docs.google.com/forms/d/e/1FAIpQLSfzxED4y1pErRwNowSLeKVTEcOQHZynnO8aOsjPYZp68gVOjQ/viewform?edit_requested=true,20€,x,mer. 18 juil. 2018,Quelques heures,Sweden,,Club Oasis
Myrddin Emrys College,NPO Out of this World,International Larp (in English) : Larp school specialized in higher education for witches and wizards from all over the world,https://www.meclarp.com/,270€,x,ven. 20 juil. 2018,Plus de 3 jours,Belgium,,"Castel Notre-Dame, Obsinnich 6, 3791 Fourons, Belgium"
Mahoutokoro,RAJR,"GN école de sorcellerie, traditions et croyances magiques japonaises. Rythme lent, non-dits, sous-entendus. Des échanges feutrés plutôt qu’une course à la résolution.",http://www.rajr.fr/mahoutokoro/,85€,x,ven. 20 juil. 2018,2 ou 3 jours,69,,"Gîte de Gros-Bois (Gîte d'Ouroux), 69860 Ouroux, France"
Where Androids Die,Independant,"International Larp (in English): a futuristic dystopian Larp about humanity, its creation and the consequences they have to face (inspiration: blade runner)",http://whereandroidsdie.net,163€,x,ven. 20 juil. 2018,2 ou 3 jours,Sweden,,"3:e Våningen, Sockerbruket 9, 414 51 Göteborg, Sweden"
On Location Session 2,On Location,"International Larp (in English) : It’s 1932. At Tarrington Manor, a peaceful British country house, a cast and crew are assembled for the making of the film ‘Stolen Moments’.",https://onlocationlarp.wordpress.com/practical/signup/,251€,x,ven. 20 juil. 2018,Plus de 3 jours,United Kingdom,,"The 1908 Lodge, 7–11 Elmhurst Road, Gosport, PO12 1PG, United Kingdom"
"Murder GN ""Battlestar Galactica : de Chair et de Sang"" - Session 6",Independant,"BSG, Murder",https://www.facebook.com/events/172289303579567,10€,x,sam. 21 juil. 2018,1 journée,94,,Ivry sur Seine
Les Légendes d'Assia : Crépuscule sur le Midland,Les Porteurs de Légendes,Un médieval fantastique pour 80 joueurs. L'univers se veut épique. ,http://www.assia-gn.fr,80€,35€,ven. 27 juil. 2018,2 ou 3 jours,49,,"Château de Serrant, 49170 Saint-Georges-sur-Loire, France"
Kelkalor V : L'Eveil,Les jeux de la Gehènne,Gn médiéval fantastique,https://www.facebook.com/events/373983139704256/,?,?,ven. 27 juil. 2018,2 ou 3 jours,49,,"Chevalerie de Sacé - Site Archéologique & Jardin Botanique, 1 rue du vieux logis, 49650 Brain-Sur-Allonnes, France"
Eldorado : La Mystérieuse Cité Dort,Alter Ego & Marcheurs sur Rêves & Krack'n'Loot,Horreur lovecraftienne,https://www.facebook.com/photo.php?fbid=1720901854607685&set=gm.10154832248451780&type=3&theater&ifg=1,65€,x,ven. 27 juil. 2018,2 ou 3 jours,55,,"Fort de Jouy-sous-les-côtes, Parc Naturel Régional de Lorraine, 55200 Geville, France"
Dead Zone Reloaded,Les Compagnons de l'Ouest,"GN contemporain horreur/survie ; BG perso écrits par l'orga, l'accent est mis sur le RP et les conflits entre joueurs",https://lescompagnonsdelouest.wordpress.com/info-pratiques/,70€,30€,ven. 27 juil. 2018,2 ou 3 jours,77,,"D96, 77166 Grisy-Suisnes, France"
Dead Zone Reloaded,Les Compagnons de l'Ouest,"Survie, horreur, zombies",https://lescompagnonsdelouest.wordpress.com/info-pratiques/,70€,30€,ven. 27 juil. 2018,2 ou 3 jours,77,,"Château de la Grange le Roi, 77166 Grisy-Suisnes, France"
VFC ARTEMIS Session 2,eXpérience,thriller psychologique battlestar galactica nordique,https://experiencegn.jimdo.com/nos-créations/artemis/,100€,x,sam. 28 juil. 2018,2 ou 3 jours,95,,"95572 Saint-Ouen l'Aumône, France"
La plume et le serpent (ou la revanche de Tlahuizcalpantecuhtli),Independant,"Vente aux enchères, 1900, une statuette porteuse de malédictions... Enquête, histoires de famille, amour, drame et bon public.",https://docs.google.com/forms/d/e/1FAIpQLSff_B2RS69hE-sqLisKo3r-jApsvL9QvPfCqcc8nj2eCLC0MQ/viewform?chromeless=1&edit_requested=true,12€,x,sam. 28 juil. 2018,Quelques heures,80,,proche de 80600 Doullens en Picardie
Pax Europa,SteamLarp,"International Larp (in English): steampunk LARP of International Politics, Personal Drama and Weird Science set in an Alternate Victorian Europe",http://steamlarp.com,56€,x,sam. 28 juil. 2018,1 journée,Australia,,"The Junction Hotel, 60 Annerley Rd, Annerley QLD 4103, Australia"
Contes de la Brume - GN La Forêt Sacrée de Tha Skar,La Compagnie Dro Lig,"Un grand nombre de forêts sacrées se trouvent sur le territoire Houzi. Selon les croyances de ces derniers, chaque arbre abrite l'esprit d'une personne défunte. ",https://www.facebook.com/events/2034577726864067/,80€,30€,dim. 29 juil. 2018,2 ou 3 jours,22,,"Gîte de Boconnec, 22110 Plouguernével, France"
ConQuest 2018,ConQuest of Mythodea,International Larp (in German and English): conquest 2018 5-tägiges selbstverpfleger-zelt-con august,https://www.facebook.com/145411559393068,150€,40€,mer. 1 août 2018,Plus de 3 jours,Germany,,"Rittergut Brokeloh, Rittergut Brokeloh 1, 31628 Landesbergen, Germany"
Mémoires de Nonamé,Les Joueurs de la Forge,GN médiéval fantastique,https://www.facebook.com/LesJoueursdelaForge/posts/469179780133272,?,?,ven. 3 août 2018,2 ou 3 jours,49,,"Chevalerie de Sacé - Site Archéologique & Jardin Botanique, 1 rue du vieux logis, 49650 Brain-Sur-Allonnes, France"
L'épice doit couler à flot ou Touche pas au Grisbi!,Les Chevaliers du Roi Pêcheur,Med-Fan tendance Dune,https://leschevaliersduroi.wixsite.com/touchepasaugrisbi,80€,?,ven. 3 août 2018,2 ou 3 jours,52,,"Fort du Cognelot (Fort Vercingetorix), 52600 Chalindrey, France"
"Proto GN ""Le Congrès de Tesien""",Créateurs D'univers,"thème diplomatique d’un “camp du Drap d’Or”, d’une Société Des Nations ou du Congrès de Vienne de 1814-1815.",https://www.facebook.com/events/581895722013168/,14€,x,sam. 4 août 2018,2 ou 3 jours,02,,"Abbaye Notre-Dame de Longpont, 2 Place de l'Abbaye, 02600 Longpont, France"
"GN Frida Kahlo ""Lo que el agua me dio"" Session 2",Rujha GN,"Jeu collaboratif, avec une approche expérimentale et romanesque dans l’entourage artistique et politique de Frida Kalho et Diego Rivera ",https://docs.google.com/forms/d/e/1FAIpQLSemmZqyShjzsT0xw2wsoVPGDWoKN70xxDvMTsESFcC9Rez5Kg/viewform,30€,x,sam. 4 août 2018,2 ou 3 jours,92,,"92600 Asnières-sur-Seine, France"
Les Échos des Limbes,La Châtellerie Nantaise,"Nous sommes en 2522, alors qu'Archaon, l'élu des dieux du Chaos, envahi le Vieux monde une seconde fois...",https://www.facebook.com/groups/908792249273233/,50€,35€,sam. 4 août 2018,2 ou 3 jours,49,,"Château de la Baronnière, La Chapelle-Saint-Florent, 49410 Mauges-sur-Loire, France"
Les Echos des Limbes,La Châtellerie Nantaise,Gn sur l'univers de Warhammer modifié à notre sauce.,https://www.facebook.com/groups/908792249273233/,50€,35€,sam. 4 août 2018,2 ou 3 jours,49410 France,,"Château de la Baronnière, La Chapelle-Saint-Florent, 49410 Mauges-sur-Loire, France"
GN La bataille de Haguenau,Le Consulat d’Elleslande,"Nous sommes en 1920. La guerre mondiale est toujours en cours, malgré plusieurs tentatives d'armistice. Accalmies et reprises encore plus violentes se succèdent...",https://www.facebook.com/permalink.php?story_fbid=448638188926277&id=448626885594074,45€,25€,sam. 4 août 2018,1 journée,31,,"31700 Cornebarrieu, France"
Légende d'Hyborée 4,Eve Oniris,Conan,http://larpmanager.eveoniris.com/,80€,25€,jeu. 9 août 2018,Plus de 3 jours,53,,"Echologia, Bas Barbé, 53950 Louverné, France"
Bothwell School of Witchcraft 3,Rogue Events,International Larp (in English): live out your dream of becoming a real life student of magic,https://www.bothwellschoolofwitchcraft.com,?,?,ven. 10 août 2018,Plus de 3 jours,United Kingdom,,"Herstmonceux Castle, Herstmonceux BN27 1RN, United Kingdom"
"Little Chicago : sexe, drogues et nuka cola - Session 2",Arcan - Les Démons d'Ivoire,"Un GN librement inspiré du monde de Fallout. Il s'agit de la seconde édition de l'événement, version dopée au Buffout!",https://www.facebook.com/events/136761500372404/,?,?,ven. 10 août 2018,2 ou 3 jours,54,,"Village Commando Bainville sur Madon, Les Vaines Terres, 54390 Bainville-Sur-Madon, France"
On Location Session 3,On Location,"International Larp (in English) : It’s 1932. At Tarrington Manor, a peaceful British country house, a cast and crew are assembled for the making of the film ‘Stolen Moments’.",https://onlocationlarp.wordpress.com/practical/signup/,251€,x,ven. 10 août 2018,Plus de 3 jours,United Kingdom,,"The 1908 Lodge, 7–11 Elmhurst Road, Gosport, PO12 1PG, United Kingdom"
Prisme : La Fête de Dahma,Collectif Prisme,"Dans le monde de Crystal, un univers médiéval féérique sombre (low fantasy darkage), avec de la diplomatie, de la magie, du combat et de l’aventure.",http://collectif-prisme.fr/pages/article.php?id=91,90€,,sam. 11 août 2018,Plus de 3 jours,24,,"Domaine de la Roche-Florens, 24210 Terrasson-Lavilledieu, France"
"Les Légendes de Zaelwaïr 2018 ""Les derniers Traldars""",Les Légendes de Zaelwaïr, la guerre approche et vos chefs de factions font appel à vous pour ce combat qu'ils vont livrer,https://www.facebook.com/events/109227123181863/,30€,15€,sam. 11 août 2018,2 ou 3 jours,49,,"Château de Serrant, 49170 Saint-Georges-sur-Loire, France"
LaboGN 2018,LaboGN,"Convention : Semaine d’expérimentations entre passionné-es de GN pour participer à des ateliers, avoir des discussions autour du GN, tester des jeux...",https://www.facebook.com/events/164993574215851/,220€,x,dim. 12 août 2018,Plus de 3 jours,43,,Lycée Auguste Aymard à Espaly-Saint-Marcel près du Puy-en-Velay
Terra Antiqua (Tome 2),Fantasticus,"Conquérir, enquête, combattre, vivre...",https://www.facebook.com/events/528341857557945,49€,25€,jeu. 16 août 2018,2 ou 3 jours,49,,"Château de Serrant, 49170 Saint-Georges-sur-Loire, France"
"Dies Irae : Sire, on en a gros! le GN",Chroniques & Chimères,Le royaume entier vient d'apprendre qu’Arthur vient de replanter - encore une fois - Excalibur dans son rocher.,https://www.facebook.com/events/442553256160665/,?,?,ven. 17 août 2018,2 ou 3 jours,49,,"Chevalerie de Sacé - Site Archéologique & Jardin Botanique, 1 rue du vieux logis, 49650 Brain-Sur-Allonnes, France"
A nice evening with the family - Session 1,Independant,International Larp (in English): A Larp about the Contemporary Nordic Family,http://aniceevening.se/plays/,250€,x,ven. 17 août 2018,2 ou 3 jours,Sweden,,"Follökna Mansion, Flen, Sweden"
Bunker 101 - The Fallout,Chaos League,"International Larp (in English): Life, Love and Death in Bunker 101. High-budget live-action roleplaying game for 100 players in the Southern Way/New Italian Larp style, set inside a real fallout shelter.",http://bunker101.com/en/,240€,x,ven. 17 août 2018,2 ou 3 jours,Italy,,"Bunker Soratte, 00060 Sant'Oreste Rome, Italy"
Mission Encelade,Neverland,"Le thème de ce gn est l'anticipation de la conquête planétaire, après une 3ème guerre mondiale qui a chamboulé l'organisation civile, sociale et humaine. ",https://gun-and-dream.wixsite.com/missionencelade,85€,x,sam. 18 août 2018,1 journée,38,,"MFR de Saint-Barthélémy, 70 route de Marcollin 38270 Saint-Barthelemy, France"
Suffragette!,Independant,"International Larp (in English): Join us for a historical larp about divisions and sisterhood within the feminist movement of 1912. Expect arguments, angst, laughter, love and an elegant fistful of feminist power. ",https://suffragettelarp.wordpress.com,44€,x,sam. 18 août 2018,1 journée,Sweden,,"Grünewaldvillan, Ringvägen 71, 133 35, Saltsjöbaden, Stockholm, Sweden"
A nice evening with the family - Session 2,Independant,International Larp (in English): A Larp about the Contemporary Nordic Family,http://aniceevening.se/plays/,250€,x,dim. 19 août 2018,2 ou 3 jours,Sweden,,"Follökna Mansion, Flen, Sweden"
La bataille de Culfaquin,Esprit Grandeur Nature,"GN Medieval Fantastique dans l'univers d'Hélios, un monde emplis de magie et de mystére. Découvrez les secrets des Hélénides et de leur création, rencontrer les Gardiens des Elements, et le mal absolu...",https://www.facebook.com/events/210999309420828/,30€,25€,mar. 21 août 2018,Plus de 3 jours,67,,"Le Heissenstein, 67680 Nothalten, France"
A nice evening with the family - Session 3,Independant,International Larp (in English): A Larp about the Contemporary Nordic Family,http://aniceevening.se/plays/,250€,x,mer. 22 août 2018,2 ou 3 jours,Sweden,,"Follökna Mansion, Flen, Sweden"
Invasion in ze berry,Berry Champ de Bataille (BCB),"Wargame GN de masse. Pour plusieurs 100aines de personnes, réparties au sein de 2, 3 ou 4 armées qui vont s’affronter pendant 2 jours sur plus de 1000 hectares d’un terrain varié.",https://www.facebook.com/events/1891962577783878/,40€,x,jeu. 23 août 2018,Plus de 3 jours,18,,"Route de Menetou-Salon, 18110 Pigny, France"
"Orléans, 1562",Estocade GN,"GN renaissance qui sent bon duels, rapière et main-gauche. En pleine guerres de Religion (deuxième moitié du XVIe siècle).",https://estocadegn.wixsite.com/esctocade-gn,85€,45€,ven. 24 août 2018,2 ou 3 jours,02,,Fort dans l'Aisne
Les Griffons 2018 : Une nouvelle ère,Le Repaire des Griffons,Jeux de rôle grandeur médieval fantastique,https://www.facebook.com/groups/201519106554634/permalink/1704198039620059/,55€,20€,ven. 24 août 2018,2 ou 3 jours,52,,"Fort du Cognelot (Fort Vercingetorix), 52600 Chalindrey, France"
A nice evening with the family - Session 4,Independant,International Larp (in English): A Larp about the Contemporary Nordic Family,http://aniceevening.se/plays/,250€,x,ven. 24 août 2018,2 ou 3 jours,Sweden,,"Follökna Mansion, Flen, Sweden"
Nù Orb,Le Grand Duc,"Anticipation, conscience, communauté",http://www.grand-duc.fr/nuorb/index.html,120€,0€,ven. 24 août 2018,2 ou 3 jours,16,,"MFR Sud Charente, Ancienne Abbaye, 16190 Aignes-et-Puypéroux, France"
GN Le Repaire des Griffons,Le Repaire des Griffons,GN médiéval fantastique,https://lerepairedesgriffons.wixsite.com/mongn/,55€,20€,ven. 24 août 2018,2 ou 3 jours,52,,"Fort du Cognelot (Fort Vercingetorix), 52600 Chalindrey, France"
Les oubliés des fjords - Session découverte,Gnome Prod & Camp du Dragon,Jeu viking pour les passionné.e.s,https://www.facebook.com/events/174868069943378/,65€,25€,sam. 25 août 2018,2 ou 3 jours,56,,"Escapegame lizio Bretagne, Lieu-dit Le Val Jouin, 56460 Lizio, France"
Marked: a school for heroes,Marked Larp,"International Larp (in English): Mistry Academy might look like an upper class English school in a beautiful country manor, but it has a secret - its staff and students are all Marked, people with super powers",http://markedlarp.com,341€,x,jeu. 30 août 2018,Plus de 3 jours,United Kingdom,,"Ingestre Hall, Staffordshire, England"
Désossons pour mieux Régner,La Compagnie du Yucca,"GN médiéval funtastique mettant l'accès sur l'intrigue, l'action et le rôle play, mais aussi et surtout sur la convivialité et l'écologie. Tous les repas seront fait en circuit court.",https://www.facebook.com/events/166869090812412/,51€,x,ven. 31 août 2018,2 ou 3 jours,40,,Sort en Chalosse
The Forbidden History,Dziobak Studios & Atropos,"International Larp (in English): inspired by the novels The Secret history, an elite school with many mysteries and secret societies...",http://theforbiddenhistory.info,475€,x,jeu. 6 sept. 2018,Plus de 3 jours,Poland,,"Czocha Castle, Sucha, 59-820 Leśna, Poland"
Les Noces de Dupes,Le Lys Noir,"GN Game of Throne, légère uchronie se déroulant après la guerre connue sous le nom de « Danse des dragons »",https://www.facebook.com/events/547297965670726/,50€,?,ven. 7 sept. 2018,2 ou 3 jours,80,,Près d'Amiens
A few years later,Brudpris,International Larp (in English): Honour. Love. Patriarchy. (a larp in the Brudpris world),http://brudpris.eu/practical-and-signup/sign-up-procedure/,200€,x,mer. 12 sept. 2018,Plus de 3 jours,Denmark,,"Rye Kol, Ry, Denmark"
Sanctum - post-apoc larp,Terre Spezzate,"International Larp (in English): Survival Supremacy Solidarity - A fiery mix of Larp, Post-Apoc culture, Music and Fun",https://www.facebook.com/events/315884632262140/,50€,x,jeu. 13 sept. 2018,Plus de 3 jours,Italy,,"Ex-Xerox buildings, Milano"
Flykten Till Kolsjön,Beratta,"International Larp (in Swedish & English): about refugees, survival and fleeing ",https://beratta.org/flykten/en/,77€,x,ven. 14 sept. 2018,2 ou 3 jours,Sweden,,"Dalkarlsbo, in Hedesunda, about 35 kilometers west of Tierp, Sweden"
WILD DUST - épisode 5: Get Free or Die Trying,Wild Dust,"L'Ouest américain en 1867 est tous sauf un havre de paix. Rué vers l'or, dollars, crimes, sauvages et maladies...",https://www.facebook.com/143308933001327,100€,70€,ven. 14 sept. 2018,2 ou 3 jours,Belgium,,"Vielsalm, Belgium, Vielsalm Belgium"
L'Exode,Les Forges De Sudamakir ,GN clanique,https://www.facebook.com/larpgn/posts/1821050274624987,60€,25€,ven. 14 sept. 2018,2 ou 3 jours,59,,"59610 Fourmies, France"
Returning Home session 3,Mondes Parallèles,"Etats-Unis 1945, retour des soldats",https://docs.google.com/forms/d/e/1FAIpQLSfZPRCNNc03duLXN6b5vh5m_qbfvfJXHMMTzThKEYotfJpROw/viewform,65€,25€,sam. 15 sept. 2018,2 ou 3 jours,53,,"Château du Bourg, 8 Rue du Maine, 53500 Saint-Denis-de-Gastines, France"
Comptes de fées 3 - Il eut été une fois,RAJR,Conte de fées post apo,https://www.facebook.com/groups/160522214711618/,50€,15€,sam. 15 sept. 2018,1 journée,42,,Bissieux
College of Wizardry - Avalon,Avalon Larp Studio & Dziobak Larp Studios,International Larp (in English): a magic school larp about the old way of magic and survival in a harsh environment,http://avalonlarp.studio/cowavalon/,225€,x,jeu. 20 sept. 2018,Plus de 3 jours,Poland,,"Kopaniec, Dolnośląskie, Poland"
Inter-Drakerys Irosia : Succession Impériale,Drakerys GN,Inter-Drakerys Irosia Dark Fantasy,https://www.facebook.com/events/532822470420449/,80€,40€,ven. 21 sept. 2018,2 ou 3 jours,43,,"Château de Marcou, Marcoux, 43290 Montregard, France"
Flykten Till Kolsjön,Beratta,"International Larp (in Swedish & English): about refugees, survival and fleeing ",https://beratta.org/flykten/en/,77€,x,ven. 21 sept. 2018,2 ou 3 jours,Sweden,,"Dalkarlsbo, in Hedesunda, about 35 kilometers west of Tierp, Sweden"
Pirate : le Chant du Cygne,Les Portes du Nord,Pirate/Semi-historique/Fantastique/Old Shool assumé,https://www.facebook.com/events/419404795163704,75€,30€,ven. 21 sept. 2018,2 ou 3 jours,51,,"Fort de Montbré, 51500 Taissy, France"
GNiales Toulouse,GNiales,Convention,https://www.facebook.com/gnialestoulouse/posts/614714195538056,?,?,sam. 22 sept. 2018,2 ou 3 jours,31,,"Centre de loisirs et d'accueil du Petit Capitole MJC, 153 Avenue de Lardenne, 31100 Toulouse, France"
Jaörken III : Le Berceau d'Or,Les Chroniques de Jaörken,"Troisième opus de Jaörken, dans le Calvados (France)",https://www.facebook.com/events/1695145383868638/,50€,25€,sam. 22 sept. 2018,2 ou 3 jours,14,,"Abbaye Cistercienne, Lieu-dit Villers-Canivet, 14420 Villers-Canivet, France"
Le Déserteur,RAJR,"Humour Noir, Boris Vian, Expérimental, Jeu à scène et à rebours ",https://goo.gl/forms/ag85OpC6Xip7xayb2,35€,15€,sam. 22 sept. 2018,Quelques heures,43,,43130 Saint André de Chalencon
Skull&Crossbones,Sailing4Adventure,"International LARP (in English): a sailing nordic larp about being an infamous pirates sailing the seven seas, stealing treasures, shooting powder, drinking rum and enjoying the freedom of the oceans",https://www.facebook.com/events/333735557117592/,649€,0€,lun. 24 sept. 2018,Plus de 3 jours,Baltic Sea...,,"Nestle-Weg, 24376 Kappeln, Germany"
GN Vampire Dark Ages,Pour quelques GN de plus,GN Vampire Dark Ages,https://www.facebook.com/events/1011089542272133/,88€,35€,ven. 28 sept. 2018,2 ou 3 jours,01,,"Fort L'Ecluse, Parc naturel régional du Haut-Jura, Route de Genève - Longeray, 01200 Léaz, France"
ARN 1.0,NOR-Gehenne,"Jeu de rôle grandeur nature, dans un univers normand post apocalyptique.",https://www.facebook.com/events/268587670329618/,55€,35€,ven. 28 sept. 2018,2 ou 3 jours,61,,"Energie Paintball, lieu-dit Grande Vienne, 61210 Putanges, France"
De Cape et d'Ecailles,An Termaji,Dans l'univers des Lames du Cardinal de Pierre Pevel,https://www.facebook.com/events/276613579512124/,?,?,ven. 28 sept. 2018,2 ou 3 jours,29,,"Lieu-dit Keruscar, 29640 Lannéanou, France"
"GN USM 2 ""Les feux de Beltane"" - Session 1",Les Masques de Pandore,GN inspiré de l’univers d’Harry Potter ,https://www.facebook.com/events/151478488832636/,85€,x,ven. 28 sept. 2018,2 ou 3 jours,,,"Domaine des Hellandes, Les Hellandes, 76280 Angerville-l'Orcher, France"
Eormengrund : Impérium,Eomengrund,"Dans un XIXème siècle uchronique où les empires français & britanniques règnent sans partage sur un monde bipolarisé, un congrès et organisés en terrain neutre...",https://www.facebook.com/events/173683846507359/,60€,25€,ven. 28 sept. 2018,2 ou 3 jours,52,,"Fort du Cognelot (Fort Vercingetorix), 52600 Chalindrey, France"
GN Birmingham 1919,Independant,GN inspiré de la série Peaky Blinders,https://www.facebook.com/birmingham1919/posts/349963635511109,95€,x,ven. 28 sept. 2018,2 ou 3 jours,?,,"à 1h30 de Paris, en Picardie"
Les Sagas de Scandia,Ailes de Némésis,GN viking,http://lessagasdescandia.fr,60€,20€,ven. 28 sept. 2018,2 ou 3 jours,31,,"Salles Jérôme, Ferme Prat Mau, 31460 Caraman, France"
Marvel Sokovia 3 : Legacies,Nouvelle Contrée,"Incarnez un héros ""street level"" au cœur d'une Sokovie en crise, au bord de l'anarchie. ",http://marvsokovia.fr/,95€,55€,sam. 29 sept. 2018,2 ou 3 jours,63,,"Centre EEDF du Domaine de la Planche, 63250 Viscomtat, France"
Les Mystères du Mont Saint Michel - Le secret de l'Alchimiste,GNome Prod,mystères mont saint michel secret,https://www.facebook.com/events/1629561347132187/,13€,x,sam. 29 sept. 2018,Quelques heures,50,,"Mont Saint-Michel, 50116 Mont Saint-Michel, France"
"Fading Suns, ""Les cendres de la République""",Les Tiroirs d'April,L'univers de Fading Suns est un space opéra médiévalisant (proche de Dune) issu de la licence de jeux de rôle du même nom.,https://www.facebook.com/events/148580009329052/,40€,25€,dim. 30 sept. 2018,1 journée,78,,"78600 Maisons-Laffitte, France"
College of Wizardry 13: Halloween Midterms,Dziobak Larp Studios,International Larp (in English),https://www.facebook.com/1689771397712147,540€,x,jeu. 4 oct. 2018,Plus de 3 jours,Poland,,"Czocha Castle, Sucha, 59-820 Leśna, Poland"
College of Wizardry 13: Halloween Midterms,Dziobak Larp Studios,International Larp (in English):  four-day roleplaying experience at a 14th Century castle where you can embrace your dreams of being a student at a school of magic,https://www.facebook.com/1689771397712147,540€,0€,jeu. 4 oct. 2018,Plus de 3 jours,Poland,,"Czocha Castle, Sucha, 59-820 Leśna, Poland"
La Mémoire des Ombres,QBA,La Mémoire des Ombres est un jeu mêlant exploration et énigmes dans une ambiance d'horreur et de survie...,https://www.facebook.com/events/142791849749384,90€,20€,ven. 5 oct. 2018,2 ou 3 jours,60,,"Les Mines du Roi Nain, rue du cimetière, 60290 Laigneville, France"
"Abri 403, un GN post-nuklear",Fumble Corp,La radioactivité vous manque? La sûreté douteuse d’un abri contrôlé par une IA qui en veut à vos fesses vous fait rêver?,https://www.facebook.com/events/1937679329886923/,75€,35€,ven. 5 oct. 2018,2 ou 3 jours,67,,"Rue du Haut Fourneau, 67130 Grandfontaine, France"
"Abri 403, un GN post-nuklear",Fumble Corp,La radioactivité vous manque? La sûreté douteuse d’un abri contrôlé par une IA qui en veut à vos fesses vous fait rêver?,https://www.facebook.com/events/1937679329886923/,75€,35€,ven. 5 oct. 2018,2 ou 3 jours,67,,"Rue du Haut Fourneau, 67130 Grandfontaine, France"
Battle Yokai Games,EPIC GN,Battle Yokai Game est un inspiré à la fois d’univers tel Battle Royale et Hunger Games où des gens sont voués à s’entretuer et à survivre seul ou en équipe,https://www.facebook.com/events/252106928661885/,70€,60€,ven. 5 oct. 2018,2 ou 3 jours,53,,"Site de Bel Air (Village Vacances et Nature), Saint-Charles-la-Forêt 53170, France"
The Clock session 2,Les p'tits croustillants,"Tous les membres de la haute société de Londres sont conviés à notre 6ème concours scientifique ! (Murder-GN, ambiance 1900-Steampunk)",https://www.facebook.com/events/148024752480846/,45€,x,sam. 6 oct. 2018,1 journée,88,,? Xaronval 
No Middle Ground,Not Only Larp,"International Larp (in English): Inspired by tv series like ‘The West Wing’, ‘Designated Survivor’, ‘House of Cards’ or ‘Borgen’, 'No Middle Ground’ is a game about power. ",http://nomiddleground.notonlylarp.com,175€,x,sam. 6 oct. 2018,2 ou 3 jours,Spain,,"Hotel Elegance Getafe, Av. Ada Lovelace, 23, 28906 Getafe, Madrid, Madrid, Spain"
GN Bagneux 1946 - Jour de Fête,Rôle,"Les joueurs sont amenés à vivre un instantané de vie, d’hommes et de femmes, qui ont traversé les années d'occupation.",https://www.facebook.com/events/2113664575527991/,50€,x,sam. 6 oct. 2018,Quelques heures,?,,Région parisienne
Mémoires d'Oubliettes - Session 2,Rôle,jeu romanesque d’inspiration historique se déroulant peu avant la révolution française (1787) de type narrativiste (=le but du jeu est de passer un bon jeu tous ensemble),https://www.facebook.com/events/559910754366574/,130€,x,sam. 6 oct. 2018,2 ou 3 jours,42,,"Château d'Ailly, Allée d'Ailly, 42120 Parigny, France"
Derrière le portail 3.0,Team GN,GN pour enfant,https://www.facebook.com/events/172544290236272/,?,?,sam. 6 oct. 2018,Quelques heures,Belgium,,"Domaine provincial de Chevetogne, 5590 Ciney, Belgium"
Convention of Thorns Session 3,Dziobak Larp Studios,"International LARP (in English) : Vampire White Wolf, deceitful and decadent vampires at the end of the 15th century",https://www.cotlarp.com,440€,x,jeu. 11 oct. 2018,Plus de 3 jours,Poland,,"Zamek Książąt Mazowieckich, Zamkowa, 96-200 Rawa Mazowiecka, Poland"
Ultime Western 2018,Don Quichotte,L'édition 2018 de l'Ultime Western c'est l'occasion pour nous de feter les 10 ans de cette incroyable aventure dans un site unique: les studios de Fort Bravo en Espagne.,https://www.facebook.com/events/139389113286289/,?,?,lun. 15 oct. 2018,Plus de 3 jours,Spain,,"National Highway 340ª, kilometer 468 Unihay place of the S / N 04200 Tabernas "
Ultime Western 2018,Don Quichotte,L'édition 2018 de l'Ultime Western c'est l'occasion pour nous de feter les 10 ans de cette incroyable aventure dans un site unique: les studios de Fort Bravo en Espagne.,http://www.ultimewestern.com/,190€,x,lun. 15 oct. 2018,Plus de 3 jours,Spain,,"National Highway 340ª, kilometer 468 Unihay place of the S / N 04200 Tabernas "
Meatball Surgery World,Independant,International Larp (in English): inspired by a certain TV series about the Korean war,https://meatballsurgery.wordpress.com,100€,x,ven. 19 oct. 2018,2 ou 3 jours,Sweden,,?
GN Résistances,Le Consulat d’Elleslande,Soucoupe volante chez des franchouillards des années 90,https://www.facebook.com/events/1788207837890842/,67€,25€,ven. 19 oct. 2018,2 ou 3 jours,32,,"32200 Gimont, France"
Un procès tant attendu,Troll,GN dans l'univers Harry Potter : Bellatrix Lestranges a été capturée et vient à son procès,http://www.jotformeu.com/form/80853824557365,29€,?,sam. 20 oct. 2018,Quelques heures,80,,"Prieuré d'Authie, 10 rue de l'Abbaye, 80560 Authie, France"
Comptes de fées 3 : il eut été une fois,RAJR,"Contes de fées, post apo, dramatique",https://goo.gl/forms/0N3f8WnCGOzun1Yv1,50€,25€,sam. 20 oct. 2018,1 journée,42,,Rive-de-Gier
Inside Hamlet,Participation Design Agency,International Larp (in English): Your folly is the curse of Hamlet - a numbing fear of decisive action. It will kill you in the end. All of you.,https://www.insidehamlet.com,465€,x,ven. 26 oct. 2018,2 ou 3 jours,Denmark,,"Kronborg Castle (Elsinor), Kronborg 2C, 3000 Helsingør, Denmark"
GN PROJET Thêta V4,Rôle,Jeu uchronique qui se déroule en 1951. Univers et une ambiance « pulp » mais qui peuvent néanmoins aborder certaines phases très sombres de l’histoire mondiale.,https://docs.google.com/forms/d/e/1FAIpQLScNcPd-URd7Z6AmoenKiE08Q9CE7-JskHcoijqm4VedS3Y1Sw/viewform,80€,25€,ven. 26 oct. 2018,2 ou 3 jours,89,,"Maison Familiale de Villevallier, 25 Rue Verdeau, 89330 Villevallier, France"
Le Crépuscule des Envieux (Tranche de Toi long format),Une Tranche de toi,Le crépuscule des envieux est un GN sombre (les sujets abordés peuvent être durs) où le roleplay sera basé sur la transmission d’émotions.,https://www.facebook.com/GNLeCrepusculeDesEnvieux,120€,50€,ven. 26 oct. 2018,2 ou 3 jours,91,,"Château de Riveneuve du Bosc, 09100 Pamiers, France"
Fairweather Manor Session 5,Dziobak Larp Studios,"International LARP (in English) : step into the lives of servants, nobles, artists and local guests at a great house during the Edwardian period.",www.fmlarp.com,440€,x,jeu. 1 nov. 2018,2 ou 3 jours,Poland,,"Moszna Castle, Zamkowa 1, 47-370 Moszna, Poland"
Inside Hamlet,Participation Design Agency,International Larp (in English): Your folly is the curse of Hamlet - a numbing fear of decisive action. It will kill you in the end. All of you.,https://www.insidehamlet.com,465€,x,ven. 2 nov. 2018,2 ou 3 jours,Denmark,,"Kronborg Castle (Elsinor), Kronborg 2C, 3000 Helsingør, Denmark"
Demeter 5,Sailing4Adventure,International LARP (in English): a sailing nordic larp about Dracula's voyage to England,https://www.facebook.com/events/769160146606251/,499€,x,jeu. 8 nov. 2018,2 ou 3 jours,Baltic Sea...,,Baltic Sea...
Red Center,Not Only Larp,International Larp (in English): ‘Red Center’‘ is a larp for women made by women. It is about oppression. Inspired by ‘The Handmaid’s Tale (full),http://redcenter.notonlylarp.com,185€,x,ven. 9 nov. 2018,2 ou 3 jours,Spain,,In Ávila 2 hours from Madrid
L'armée des Ombres,Neverland,GN historique sur la Résistance française en 1943 (inscriptions ouvertes),https://www.facebook.com/groups/83512407859/permalink/10155976677512860/,70€,40€,sam. 10 nov. 2018,2 ou 3 jours,69,,"Gîte de Gros-Bois (Gîte d'Ouroux), 69860 Ouroux, France"
College of Wizardry 18,Dziobak Larp Studios,International Larp (in English):  four-day roleplaying experience at a 14th Century castle where you can embrace your dreams of being a student at a school of magic,https://www.cowlarp.com,620€,x,jeu. 15 nov. 2018,Plus de 3 jours,Poland,,"Czocha Castle, Sucha, 59-820 Leśna, Poland"
"MittelPunkt 2018 ""Stranger LARP""",MittelPunkt,International convention (in German and English),https://www.facebook.com/events/178034079628396/,90€,x,ven. 16 nov. 2018,2 ou 3 jours,Germany,,"Youth Hostel Castle Heldrungen, near Erfurt"
Red Center,Not Only Larp,International Larp (in English): ‘Red Center’‘ is a larp for women made by women. It is about oppression. Inspired by ‘The Handmaid’s Tale (full),http://redcenter.notonlylarp.com,185€,x,ven. 16 nov. 2018,2 ou 3 jours,Spain,,In Ávila 2 hours from Madrid
College of Wizardry 19,Dziobak Larp Studios,International Larp (in English):  four-day roleplaying experience at a 14th Century castle where you can embrace your dreams of being a student at a school of magic,https://www.cowlarp.com,620€,x,jeu. 22 nov. 2018,Plus de 3 jours,Poland,,"Czocha Castle, Sucha, 59-820 Leśna, Poland"
"GN : ""Le plus beau jour de sa vie"" - Session 2",Les Amis de Miss Rachel,GN mariage (inscriptions ouvertes),https://www.facebook.com/176040756516137,102€,x,sam. 1 déc. 2018,1 journée,?,,Mayenne
Italian Larp Festival,Chaos League,"International convention (in Italian and English): Larp festival, chamber larp",http://larpfestival.it/,55€,x,ven. 7 déc. 2018,2 ou 3 jours,Italy,,"Villa S. Maria, Str. Magnana, 1, 43045 Riccò (Parma)"
Egregors 3 - La Faim de l'Âme,Le Bureau des Songes,Rôles et scénario sur mesure dans un univers merveilleux contemporain où les joueurs incarnent des personnages de fiction de leurs univers favoris.,https://www.facebook.com/events/239043793335069/,130€,x,sam. 8 déc. 2018,2 ou 3 jours,50,,"3-5 rue Alphonse Lemerre Canisy, Basse-Normandie, France"
Les Rencontres de la FédéGN,FédéGN,AG de l'association et événements autour,http://www.fedegn.org,?,x,sam. 15 déc. 2018,2 ou 3 jours,26,,"26300 Châteauneuf sur Isère, France"
"GN : ""Le plus beau jour de sa vie"" - Session 3",Les Amis de Miss Rachel,GN mariage (inscriptions ouvertes),https://www.facebook.com/176040756516137,102€,x,sam. 19 janv. 2019,1 journée,?,,Mayenne
Voyage imprévu,Brumes d'Erebos,GN Firefly,https://www.facebook.com/events/688229804704888/,105€,x,ven. 25 janv. 2019,2 ou 3 jours,44,,44190 Gorges
LarpCon 2019,LarpCon UK,International convention (in English): larpcon will returning next year,https://www.facebook.com/412093559250855,?,x,ven. 1 mars 2019,2 ou 3 jours,United Kingdom,,"Hermitage Leisure Centre - Whitwick, Silver street, Whitwick Coalville LE67 5EU United Kingdom"
Berechtigter Zweifel,El Equipo Ente,International Larp (in English): based on a fictional WW2 prisoner camp called Stalag Luft XVIII ,http://berechtigter.equipoente.es,195€,x,ven. 5 avr. 2019,Plus de 3 jours,Spain,,"a camp near Madrid, Albergue Sierra Norte Mangirón"
GN'Idée,Orc'Idées,Convention,http://www.orcidee.ch,?,?,sam. 27 avr. 2019,2 ou 3 jours,Switzerland,,?
GN - A l'Est rien de nouveau (OPUS 3),Independant,grandeur nature ambiance médiéval fantastique,https://www.facebook.com/167615563887746,?,?,ven. 3 mai 2019,2 ou 3 jours,53,,"Domaine du Denais, Lieu-dit Denais, 53290 Saint-Denis-d'Anjou, France"
GN La Dernière Relique,Les Crocs de la Tanière,GN inspiré de l'univers Harry Potter,https://www.facebook.com/events/1642307182552466/,?,?,ven. 17 mai 2019,1 journée,51,,"Fort de Montbré, 51500 Taissy, France"
"GN Disque Monde ""Les Fondassyons d'une Cytée""",Les Crocs de la Tanière,"La ville d’Ankh-Morpork, la plus importante de tout le Disque-Monde, est à un tournant de son histoire. ",https://www.facebook.com/events/1205546239580461/,75€,55€,ven. 7 juin 2019,2 ou 3 jours,51,,"Fort de Montbré, 51500 Taissy, France"
Le Lierre et la Vigne,Acta Es Fabula,GN queer sur la création artistique et les relations polyamoureuses,https://docs.google.com/forms/d/e/1FAIpQLSfpIRh2o2l9N72I12l20VxbLYnnPsJFwnAZME7hYiXo_fLj3w/viewform,55€,x,sam. 19 oct. 2019,2 ou 3 jours,53,,53640 Champéon (Mayenne)
Le Lierre et la Vigne,Acta Es Fabula,GN queer sur la création artistique et les relations polyamoureuses,https://docs.google.com/forms/d/e/1FAIpQLSfpIRh2o2l9N72I12l20VxbLYnnPsJFwnAZME7hYiXo_fLj3w/viewform,55€,x,sam. 26 oct. 2019,2 ou 3 jours,53,,53640 Champéon (Mayenne)
Fairweather Manor 6,Dziobak Larp Studios,International Larp (in English): fairweather manor larp stately english,https://www.facebook.com/163650214416652,299€,x,ven. 22 nov. 2019,2 ou 3 jours,Poland,,"Zamek Moszna, Poland"
